CONTRACT_NAME,CONTRACT_ID,STATUS,NETWORK
CORE_MINT,GA3ECRFJ6SO5BW6NEIKW3ACJXNG5UNBTLRRXWC742NHUEDV6KL3RNEN6,ACTIVE,TESTNET
LAYER_YELLOW,CANL...SDFF,ACTIVE,TESTNET
2026-06-30 19:16:25,0.5742,0.4258,1.4211,4607184.25,0.5056,4.0535
2026-06-30 19:22:04,0.6917,0.3083,1.546,6485163.84,0.5843,4.4112
2026-06-30 19:22:11,0.6815,0.3185,1.5691,6491618.45,0.5712,4.3644
2026-06-30 19:22:19,0.6697,0.3303,1.588,6496757.58,0.5578,4.315
2026-06-30 19:22:26,0.6592,0.3408,1.5974,6499290.28,0.5474,4.2751
2026-06-30 19:22:33,0.6487,0.3513,1.5999,6499986.54,0.5382,4.2383
2026-06-30 19:22:40,0.6382,0.3618,1.5957,6498845.5,0.5302,4.2045
2026-06-30 19:22:47,0.6278,0.3722,1.5847,6495868.56,0.5235,4.174
2026-06-30 19:22:54,0.6175,0.3825,1.5671,6491059.36,0.5179,4.1462
2026-06-30 19:23:01,0.6073,0.3927,1.5433,6484423.81,0.5135,4.1212
2026-06-30 19:23:09,0.596,0.404,1.5092,6474614.49,0.5097,4.0958
2026-06-30 19:23:16,0.5863,0.4137,1.4738,6464095.53,0.5073,4.0759
2026-06-30 19:23:23,0.577,0.423,1.4341,6451783.24,0.5059,4.0585
2026-06-30 19:23:30,0.568,0.432,1.3907,6437692.69,0.5053,4.0431
2026-06-30 19:23:37,0.5594,0.4406,1.3447,6421841.16,0.5053,4.0295
2026-06-30 19:23:44,0.5513,0.4487,1.2967,6404248.04,0.506,4.0178
2026-06-30 19:26:26,0.5421,0.4579,1.2376,5586281.24,0.5075,4.0058
2026-06-30 19:26:33,0.5496,0.4504,1.2865,5537608.29,0.5062,4.0155
2026-06-30 19:26:40,0.5577,0.4423,1.3347,5488276.83,0.5055,4.0271
2026-06-30 19:26:47,0.5662,0.4338,1.3813,5438347.29,0.5053,4.0403
2026-06-30 19:26:54,0.5751,0.4249,1.4253,5387880.83,0.5057,4.0551
2026-06-30 19:27:01,0.5843,0.4157,1.4658,5336939.26,0.5069,4.072
2026-06-30 19:27:09,0.5953,0.4047,1.507,5278218.64,0.5094,4.0941
2026-06-30 19:27:16,0.6052,0.3948,1.5376,5226469.75,0.5126,4.1161
2026-06-30 19:27:23,0.6153,0.3847,1.5626,5174443.46,0.5169,4.1406
2026-06-30 19:27:30,0.6256,0.3744,1.5815,5122203.5,0.5222,4.1678
2026-06-30 19:27:37,0.6361,0.3639,1.5939,5069813.86,0.5288,4.1982
2026-06-30 19:27:44,0.6465,0.3535,1.5996,5017338.7,0.5364,4.2309
2026-06-30 19:27:51,0.657,0.343,1.5985,4964842.31,0.5453,4.267
2026-06-30 19:27:59,0.669,0.331,1.5888,4904902.91,0.5571,4.3123
2026-06-30 19:28:06,0.6793,0.3207,1.5732,4852577.46,0.5686,4.3549
2026-06-30 19:28:13,0.6896,0.3104,1.5513,4800432.58,0.5815,4.4012
2026-06-30 19:28:20,0.6996,0.3004,1.5235,4748532.15,0.5954,4.4501
2026-06-30 19:28:29,0.7121,0.2879,1.48,4682264.48,0.6149,4.5171
2026-06-30 19:28:39,0.7254,0.2746,1.423,4609394.01,0.6384,4.5963
2026-06-30 19:28:52,0.7416,0.2584,1.339,4516148.92,0.6712,4.7052
2026-06-30 19:29:00,0.7508,0.2492,1.2839,4459758.31,0.6921,4.7739
2026-06-30 19:29:07,0.7583,0.2417,1.235,4411122.44,0.7105,4.8341
2026-06-30 19:29:14,0.7653,0.2347,1.1863,4363207.87,0.7288,4.8937
2026-06-30 19:29:21,0.7717,0.2283,1.1389,4316073.3,0.7466,4.9515
2026-06-30 19:29:28,0.7776,0.2224,1.0937,4269776.44,0.7637,5.0071
2026-06-30 19:29:33,0.7814,0.2186,1.0632,4237251.61,0.7753,5.0447
2026-06-30 19:29:36,0.7835,0.2165,1.0458,4217964.24,0.7819,5.066
2026-06-30 19:29:40,0.7861,0.2139,1.0237,4192522.19,0.7903,5.0932
2026-06-30 19:29:43,0.7879,0.2121,1.0081,4173652.06,0.7962,5.1122
2026-06-30 19:29:47,0.7902,0.2098,0.9887,4148781.83,0.8037,5.1366
2026-06-30 19:29:50,0.7917,0.2083,0.9752,4130352.05,0.8089,5.1533
2026-06-30 19:29:54,0.7936,0.2064,0.9587,4106084.1,0.8153,5.1741
2026-06-30 19:29:57,0.7948,0.2052,0.9476,4088117.25,0.8196,5.1879
2026-06-30 19:30:01,0.7963,0.2037,0.9345,4064481.3,0.8247,5.2046
2026-06-30 19:30:04,0.7972,0.2028,0.926,4046999.4,0.828,5.2151
2026-06-30 19:30:09,0.7984,0.2016,0.9144,4018341.3,0.8325,5.2296
2026-06-30 19:30:11,0.7988,0.2012,0.9107,4007048.85,0.8339,5.2341
2026-06-30 19:30:16,0.7996,0.2004,0.9038,3979254.59,0.8367,5.2432
2026-06-30 19:30:19,0.7999,0.2001,0.9013,3962883.14,0.8377,5.2465
2026-06-30 19:30:23,0.8,0.2,0.9,3941418.16,0.8381,5.2478
2026-06-30 19:30:26,0.7999,0.2001,0.9005,3925596.83,0.8379,5.247
2026-06-30 19:30:30,0.7997,0.2003,0.9031,3904878.36,0.837,5.2443
2026-06-30 19:30:33,0.7993,0.2007,0.9064,3889626.53,0.8356,5.2397
2026-06-30 19:30:37,0.7986,0.2014,0.9129,3869679.95,0.8331,5.2316
2026-06-30 19:30:40,0.7979,0.2021,0.9191,3855016.29,0.8306,5.2235
2026-06-30 19:30:44,0.7968,0.2032,0.9293,3835866.04,0.8267,5.2109
2026-06-30 19:30:47,0.7958,0.2042,0.9383,3821808.52,0.8232,5.1995
2026-06-30 19:30:51,0.7943,0.2057,0.952,3803478.05,0.8179,5.1824
2026-06-30 19:30:54,0.793,0.207,0.9636,3790043.89,0.8134,5.1678
2026-06-30 19:30:59,0.7906,0.2094,0.9851,3768260.04,0.8051,5.1411
2026-06-30 19:31:01,0.7895,0.2105,0.9944,3759761.3,0.8015,5.1294
2026-06-30 19:31:06,0.7866,0.2134,1.0196,3739058.87,0.7919,5.0984
2026-06-30 19:31:09,0.7847,0.2153,1.0358,3727014.87,0.7857,5.0784
2026-06-30 19:31:13,0.7819,0.2181,1.0586,3711402.2,0.777,5.0501
2026-06-30 19:31:16,0.7797,0.2203,1.0765,3700030.6,0.7702,5.028
2026-06-30 19:31:20,0.7766,0.2234,1.1014,3685323.9,0.7608,4.9976
2026-06-30 19:31:23,0.7741,0.2259,1.1206,3674638.64,0.7535,4.9739
2026-06-30 19:31:27,0.7707,0.2293,1.147,3660855.91,0.7436,4.9419
2026-06-30 19:31:30,0.7679,0.2321,1.1673,3650870.08,0.7359,4.9168
2026-06-30 19:31:34,0.7641,0.2359,1.1947,3638028.2,0.7256,4.8832
2026-06-30 19:31:37,0.7612,0.2388,1.2155,3628754.03,0.7179,4.8582
2026-06-30 19:31:41,0.757,0.243,1.2435,3616868.74,0.7073,4.8235
2026-06-30 19:31:44,0.7538,0.2462,1.2645,3608317.59,0.6994,4.7977
2026-06-30 19:31:49,0.7483,0.2517,1.2993,3594762.41,0.6863,4.7548
2026-06-30 19:31:51,0.746,0.254,1.3131,3589585.78,0.681,4.7375
2026-06-30 19:31:56,0.7401,0.2599,1.3472,3577262.37,0.668,4.6946
2026-06-30 19:31:59,0.7365,0.2635,1.3672,3570294.65,0.6603,4.6692
2026-06-30 19:32:03,0.7315,0.2685,1.3932,3561505.01,0.6502,4.6357
2026-06-30 19:32:06,0.7277,0.2723,1.412,3555290.18,0.6428,4.611
2026-06-30 19:32:10,0.7225,0.2775,1.4363,3547509.62,0.633,4.5782
2026-06-30 19:32:13,0.7186,0.2814,1.4538,3542055.3,0.6259,4.5545
2026-06-30 19:32:17,0.7132,0.2868,1.4758,3535293.35,0.6167,4.5232
2026-06-30 19:32:20,0.7091,0.2909,1.4915,3530606.23,0.61,4.5004
2026-06-30 19:32:24,0.7035,0.2965,1.5109,3524871.17,0.6012,4.4702
2026-06-30 19:32:27,0.6993,0.3007,1.5245,3520956.97,0.5949,4.4484
2026-06-30 19:32:32,0.6921,0.3079,1.5448,3515173.21,0.5849,4.4132
2026-06-30 19:32:34,0.6892,0.3108,1.5521,3513119.36,0.581,4.3994
2026-06-30 19:32:39,0.682,0.318,1.5682,3508635.64,0.5718,4.3666
2026-06-30 19:32:42,0.6775,0.3225,1.5764,3506392.64,0.5665,4.3472
2026-06-30 19:32:46,0.6716,0.3284,1.5854,3503924.8,0.5599,4.3228
2026-06-30 19:32:49,0.6672,0.3328,1.5908,3502466.58,0.5552,4.3052
2026-06-30 19:32:53,0.6612,0.3388,1.5961,3501046.47,0.5493,4.2825
2026-06-30 19:32:56,0.6567,0.3433,1.5986,3500374.82,0.5451,4.2661
2026-06-30 19:33:00,0.6507,0.3493,1.6,3500004.16,0.5398,4.2449
2026-06-30 19:33:03,0.6462,0.3538,1.5996,3500119.91,0.5362,4.23
2026-06-30 19:33:07,0.6402,0.3598,1.597,3500799.17,0.5317,4.2108
2026-06-30 19:33:10,0.6357,0.3643,1.5937,3501702.16,0.5285,4.1969
2026-06-30 19:33:14,0.6298,0.3702,1.5873,3503430.5,0.5247,4.1796
2026-06-30 19:33:17,0.6253,0.3747,1.581,3505119.64,0.5221,4.1671
2026-06-30 19:33:22,0.618,0.382,1.5681,3508682.08,0.5182,4.1476
2026-06-30 19:33:24,0.615,0.385,1.562,3510368.17,0.5167,4.1398
2026-06-30 19:33:29,0.6078,0.3922,1.5446,3515234.68,0.5137,4.1224
2026-06-30 19:33:32,0.6035,0.3965,1.5327,3518600.22,0.512,4.1122
2026-06-30 19:33:36,0.5978,0.4022,1.5153,3523605.94,0.5102,4.0996
2026-06-30 19:33:39,0.5936,0.4064,1.5011,3527747.89,0.509,4.0907
2026-06-30 19:33:43,0.5881,0.4119,1.4808,3533785.6,0.5077,4.0795
2026-06-30 19:33:46,0.584,0.416,1.4647,3538698.88,0.5069,4.0715
2026-06-30 19:33:50,0.5787,0.4213,1.4419,3545761.18,0.5061,4.0616
2026-06-30 19:33:53,0.5748,0.4252,1.424,3551439.79,0.5057,4.0547
2026-06-30 19:33:57,0.5697,0.4303,1.3991,3559518.02,0.5054,4.046
2026-06-30 19:34:00,0.5659,0.4341,1.3799,3565955.0,0.5052,4.0396
2026-06-30 19:34:04,0.561,0.439,1.3535,3575039.28,0.5053,4.032
2026-06-30 19:34:07,0.5574,0.4426,1.3333,3582226.74,0.5054,4.0265
2026-06-30 19:34:12,0.5516,0.4484,1.2989,3594913.87,0.5059,4.0181
2026-06-30 19:34:14,0.5494,0.4506,1.285,3600235.07,0.5063,4.0153
2026-06-30 19:34:19,0.5439,0.4561,1.2501,3614149.25,0.5071,4.008
2026-06-30 19:34:22,0.5408,0.4592,1.2291,3622914.07,0.5077,4.004
2026-06-30 19:34:26,0.5368,0.4632,1.2012,3635082.11,0.5087,3.9993
2026-06-30 19:34:29,0.5339,0.4661,1.1805,3644566.7,0.5094,3.9959
2026-06-30 19:34:33,0.5302,0.4698,1.1533,3657686.84,0.5105,3.9918
2026-06-30 19:34:36,0.5275,0.4725,1.1334,3667879.58,0.5113,3.9888
2026-06-30 19:34:40,0.5242,0.4758,1.1074,3681935.72,0.5125,3.9855
2026-06-30 19:34:43,0.5218,0.4782,1.0884,3692824.13,0.5134,3.9831
2026-06-30 19:34:47,0.5188,0.4812,1.0641,3707799.08,0.5146,3.9802
2026-06-30 19:34:50,0.5166,0.4834,1.0467,3719369.81,0.5154,3.9779
2026-06-30 19:34:54,0.514,0.486,1.0246,3735245.21,0.5166,3.9757
2026-06-30 19:34:57,0.5122,0.4878,1.0089,3747484.1,0.5175,3.9742
2026-06-30 19:35:02,0.5094,0.4906,0.9848,3768507.11,0.5188,3.9717
2026-06-30 19:35:04,0.5084,0.4916,0.9759,3777132.57,0.5193,3.9709
2026-06-30 19:35:09,0.5061,0.4939,0.9555,3799229.3,0.5205,3.969
2026-06-30 19:35:12,0.5049,0.4951,0.9447,3812848.45,0.5211,3.968
2026-06-30 19:35:16,0.5035,0.4965,0.932,3831422.27,0.5219,3.967
2026-06-30 19:35:19,0.5026,0.4974,0.9238,3845659.8,0.5224,3.9663
2026-06-30 19:35:23,0.5016,0.4984,0.9147,3865046.61,0.5229,3.9655
2026-06-30 19:35:26,0.501,0.499,0.9093,3879885.07,0.5233,3.9651
2026-06-30 19:35:30,0.5004,0.4996,0.904,3900061.12,0.5236,3.9646
2026-06-30 19:35:33,0.5002,0.4998,0.9014,3915482.33,0.5238,3.9646
2026-06-30 19:35:37,0.5,0.5,0.9,3936422.92,0.5238,3.9643
2026-06-30 19:35:40,0.5,0.5,0.9004,3952408.0,0.5238,3.9643
2026-06-30 19:35:44,0.5003,0.4997,0.9029,3974087.47,0.5236,3.9644
2026-06-30 19:35:47,0.5007,0.4993,0.9062,3990616.84,0.5235,3.9649
2026-06-30 19:35:52,0.5016,0.4984,0.9145,4018668.62,0.523,3.9656
2026-06-30 19:35:54,0.502,0.498,0.9188,4030062.05,0.5226,3.9657
2026-06-30 19:35:59,0.5034,0.4966,0.9317,4058967.45,0.5219,3.9668
2026-06-30 19:36:02,0.5045,0.4955,0.941,4076594.16,0.5214,3.9679
2026-06-30 19:36:06,0.506,0.494,0.9551,4100418.93,0.5205,3.9689
2026-06-30 19:36:09,0.5074,0.4926,0.967,4118524.17,0.5198,3.9701
2026-06-30 19:36:13,0.5093,0.4907,0.9843,4142972.29,0.5188,3.9716
2026-06-30 19:36:16,0.511,0.489,0.9985,4161533.88,0.5181,3.9732
2026-06-30 19:36:20,0.5133,0.4867,1.0187,4186575.39,0.5169,3.975
2026-06-30 19:36:23,0.5152,0.4848,1.0349,4205570.6,0.516,3.9766
2026-06-30 19:36:27,0.518,0.482,1.0577,4231174.84,0.5149,3.9794
2026-06-30 19:36:30,0.5202,0.4798,1.0755,4250580.39,0.514,3.9815
2026-06-30 19:36:34,0.5233,0.4767,1.1003,4276716.0,0.5128,3.9845
2026-06-30 19:36:37,0.5257,0.4743,1.1196,4296508.14,0.5119,3.9869
2026-06-30 19:36:42,0.5301,0.4699,1.1527,4329844.56,0.5105,3.9916
2026-06-30 19:36:44,0.5319,0.4681,1.1662,4343297.57,0.5099,3.9935
2026-06-30 19:36:49,0.5367,0.4633,1.2005,4377214.45,0.5087,3.9992
2026-06-30 19:36:52,0.5397,0.4603,1.2214,4397752.78,0.508,4.0028
2026-06-30 19:36:56,0.5438,0.4562,1.2494,4425347.19,0.5071,4.0078
2026-06-30 19:36:59,0.5471,0.4529,1.2704,4446194.44,0.5066,4.0122
2026-06-30 19:37:03,0.5515,0.4485,1.2982,4474183.79,0.506,4.0182
2026-06-30 19:37:06,0.5549,0.4451,1.3189,4495314.45,0.5056,4.0229
2026-06-30 19:37:10,0.5597,0.4403,1.3461,4523664.46,0.5054,4.0301
2026-06-30 19:37:13,0.5633,0.4367,1.3661,4545052.63,0.5052,4.0355
2026-06-30 19:37:17,0.5683,0.4317,1.3921,4573728.58,0.5053,4.0436
2026-06-30 19:37:20,0.5721,0.4279,1.4111,4595348.07,0.5055,4.05
2026-06-30 19:37:25,0.5786,0.4214,1.4413,4631580.45,0.5061,4.0614
2026-06-30 19:37:27,0.5812,0.4188,1.4528,4646139.15,0.5064,4.0661
2026-06-30 19:37:32,0.588,0.412,1.4803,4682687.51,0.5077,4.0793
2026-06-30 19:37:35,0.5921,0.4079,1.4957,4704713.19,0.5086,4.0875
2026-06-30 19:37:39,0.5977,0.4023,1.5148,4734183.25,0.5102,4.0995
2026-06-30 19:37:42,0.6019,0.3981,1.5281,4756356.21,0.5115,4.1087
2026-06-30 19:37:46,0.6076,0.3924,1.5442,4786004.57,0.5136,4.1218
2026-06-30 19:37:49,0.612,0.388,1.555,4808297.66,0.5154,4.1324
2026-06-30 19:37:53,0.6178,0.3822,1.5678,4838088.01,0.5181,4.147
2026-06-30 19:37:56,0.6222,0.3778,1.576,4860473.92,0.5203,4.1585
2026-06-30 19:38:00,0.6281,0.3719,1.5851,4890369.77,0.5237,4.1749
2026-06-30 19:38:03,0.6326,0.3674,1.5906,4912821.09,0.5265,4.1878
2026-06-30 19:38:07,0.6386,0.3614,1.5959,4942785.82,0.5305,4.2058
2026-06-30 19:38:10,0.6431,0.3569,1.5985,4965275.03,0.5338,4.2199
2026-06-30 19:38:15,0.6506,0.3494,1.6,5002771.93,0.5398,4.2448
2026-06-30 19:38:17,0.6536,0.3464,1.5996,5017771.52,0.5423,4.255
2026-06-30 19:38:22,0.661,0.339,1.5962,5055259.43,0.5491,4.2817
2026-06-30 19:38:25,0.6655,0.3345,1.5925,5077737.09,0.5535,4.2987
2026-06-30 19:38:29,0.6715,0.3285,1.5856,5107679.23,0.5598,4.3224
2026-06-30 19:38:32,0.6759,0.3241,1.5791,5130108.23,0.5647,4.3406
2026-06-30 19:38:36,0.6818,0.3182,1.5685,5159967.15,0.5716,4.3658
2026-06-30 19:38:39,0.6862,0.3138,1.5592,5182320.0,0.5771,4.3856
2026-06-30 19:38:43,0.692,0.308,1.5452,5212059.13,0.5847,4.4126
2026-06-30 19:38:46,0.6963,0.3037,1.5333,5234308.45,0.5907,4.4336
2026-06-30 19:38:50,0.702,0.298,1.516,5263891.35,0.5989,4.4623
2026-06-30 19:38:53,0.7062,0.2938,1.5019,5286009.91,0.6054,4.4846
2026-06-30 19:38:57,0.7117,0.2883,1.4817,5315400.35,0.6142,4.5147
2026-06-30 19:39:00,0.7157,0.2843,1.4655,5337361.03,0.621,4.5377
2026-06-30 19:39:05,0.7224,0.2776,1.4369,5373791.06,0.6328,4.5776
2026-06-30 19:39:07,0.725,0.275,1.4249,5388298.93,0.6376,4.5937
2026-06-30 19:39:12,0.7314,0.2686,1.3938,5424395.57,0.65,4.635
2026-06-30 19:39:15,0.7352,0.2648,1.3744,5445927.68,0.6576,4.6603
2026-06-30 19:39:19,0.74,0.26,1.3479,5474480.25,0.6678,4.6939
2026-06-30 19:39:22,0.7436,0.2564,1.3275,5495770.75,0.6756,4.7197
2026-06-30 19:39:26,0.7482,0.2518,1.3,5523983.75,0.686,4.7539
2026-06-30 19:39:29,0.7516,0.2484,1.2792,5545006.57,0.6939,4.7799
2026-06-30 19:39:33,0.7559,0.2441,1.2512,5572845.43,0.7044,4.8142
2026-06-30 19:39:36,0.759,0.241,1.2302,5593574.82,0.7123,4.8399
2026-06-30 19:39:40,0.7631,0.2369,1.2023,5621005.45,0.7228,4.8743
2026-06-30 19:39:43,0.766,0.234,1.1816,5641416.01,0.7306,4.8996
2026-06-30 19:39:47,0.7697,0.2303,1.1544,5668404.82,0.7408,4.9328
2026-06-30 19:39:50,0.7723,0.2277,1.1344,5688471.56,0.7483,4.957
2026-06-30 19:39:55,0.7765,0.2235,1.102,5721569.68,0.7605,4.9966
2026-06-30 19:39:57,0.7781,0.2219,1.0894,5734683.81,0.7653,5.0122
2026-06-30 19:40:02,0.7818,0.2182,1.0592,5767144.86,0.7767,5.0491
2026-06-30 19:40:05,0.7839,0.2161,1.0419,5786392.64,0.7833,5.0705
2026-06-30 19:40:09,0.7865,0.2135,1.0201,5811780.38,0.7917,5.0976
2026-06-30 19:40:12,0.7883,0.2117,1.0047,5830608.65,0.7975,5.1165
2026-06-30 19:40:16,0.7905,0.2095,0.9855,5855421.58,0.8049,5.1404
2026-06-30 19:40:19,0.792,0.208,0.9723,5873807.27,0.81,5.1568
2026-06-30 19:40:23,0.7939,0.2061,0.9561,5898014.99,0.8163,5.1774
2026-06-30 19:40:26,0.7951,0.2049,0.9453,5915935.58,0.8205,5.191
2026-06-30 19:40:30,0.7965,0.2035,0.9325,5939508.44,0.8255,5.2071
2026-06-30 19:40:33,0.7974,0.2026,0.9242,5956941.98,0.8287,5.2174
2026-06-30 19:40:37,0.7984,0.2016,0.915,5979851.11,0.8323,5.2291
2026-06-30 19:40:40,0.799,0.201,0.9096,5996776.25,0.8344,5.2359
2026-06-30 19:40:45,0.7997,0.2003,0.9031,6024484.58,0.837,5.2443
2026-06-30 19:40:48,0.7999,0.2001,0.901,6040803.35,0.8377,5.2465
2026-06-30 19:40:52,0.8,0.2,0.9,6062196.79,0.8381,5.2478
2026-06-30 19:40:55,0.7999,0.2001,0.9008,6077963.52,0.8378,5.2468
2026-06-30 19:41:00,0.7995,0.2005,0.9048,6103700.71,0.8363,5.242
2026-06-30 19:41:03,0.799,0.201,0.9089,6118812.93,0.8346,5.2364
2026-06-30 19:41:07,0.7983,0.2017,0.9162,6138570.42,0.8318,5.2275
2026-06-30 19:41:10,0.7975,0.2025,0.9232,6153090.09,0.8291,5.2187
2026-06-30 19:41:14,0.7963,0.2037,0.9342,6172045.52,0.8248,5.2048
2026-06-30 19:41:17,0.7952,0.2048,0.9438,6185954.85,0.821,5.1925
2026-06-30 19:41:22,0.7932,0.2068,0.9623,6208542.58,0.8139,5.1696
2026-06-30 19:41:25,0.7918,0.2082,0.9748,6221733.56,0.8091,5.1541
2026-06-30 19:41:29,0.7897,0.2103,0.9929,6238893.43,0.8021,5.1314
2026-06-30 19:41:32,0.788,0.212,1.0076,6251438.5,0.7965,5.1132
2026-06-30 19:41:36,0.7855,0.2145,1.0286,6267726.79,0.7884,5.087
2026-06-30 19:41:40,0.7828,0.2172,1.0509,6283508.0,0.7799,5.0594
2026-06-30 19:41:44,0.78,0.22,1.0746,6298775.83,0.771,5.0307
2026-06-30 19:41:47,0.7777,0.2223,1.0931,6309886.11,0.764,5.0081
2026-06-30 19:41:51,0.7744,0.2256,1.1186,6324240.94,0.7543,4.9765
2026-06-30 19:41:55,0.7709,0.2291,1.1449,6338066.09,0.7443,4.944
2026-06-30 19:41:58,0.7682,0.2318,1.1651,6348084.02,0.7367,4.9194
2026-06-30 19:42:02,0.7644,0.2356,1.1925,6360969.06,0.7264,4.8858
2026-06-30 19:42:05,0.7615,0.2385,1.2133,6370275.87,0.7187,4.8608
2026-06-30 19:42:09,0.7574,0.2426,1.2413,6382205.01,0.7082,4.8266
2026-06-30 19:42:13,0.7531,0.2469,1.2692,6393581.29,0.6976,4.7919
2026-06-30 19:42:16,0.7498,0.2502,1.2902,6401747.93,0.6897,4.7661
2026-06-30 19:42:20,0.7452,0.2548,1.3178,6412145.88,0.6792,4.7315
2026-06-30 19:42:23,0.7417,0.2583,1.3383,6419573.89,0.6714,4.7059
2026-06-30 19:42:27,0.7369,0.2631,1.3651,6428980.78,0.6612,4.6722
2026-06-30 19:42:30,0.7332,0.2668,1.3847,6435661.05,0.6535,4.6467
2026-06-30 19:42:34,0.7281,0.2719,1.4101,6444065.35,0.6435,4.6134
2026-06-30 19:42:37,0.7243,0.2757,1.4284,6449989.7,0.6363,4.5893
2026-06-30 19:42:41,0.719,0.281,1.4519,6457381.12,0.6267,4.5571
2026-06-30 19:42:45,0.7136,0.2864,1.4741,6464189.61,0.6174,4.5256
2026-06-30 19:42:48,0.7095,0.2905,1.4899,6468911.78,0.6106,4.5025
2026-06-30 19:42:52,0.7039,0.2961,1.5095,6474693.73,0.6019,4.4725
2026-06-30 19:42:56,0.6983,0.3017,1.5274,6479885.81,0.5935,4.4435
2026-06-30 19:42:59,0.694,0.306,1.5397,6483391.53,0.5875,4.4224
2026-06-30 19:43:03,0.6883,0.3117,1.5545,6487546.51,0.5798,4.3952
2026-06-30 19:43:06,0.6839,0.3161,1.5643,6490272.36,0.5742,4.3752
2026-06-30 19:43:10,0.678,0.322,1.5756,6493385.15,0.5671,4.3494
2026-06-30 19:43:14,0.6721,0.3279,1.5848,6495900.6,0.5604,4.3247
2026-06-30 19:43:17,0.6676,0.3324,1.5903,6497394.57,0.5557,4.307
2026-06-30 19:43:21,0.6617,0.3383,1.5958,6498862.41,0.5497,4.2842
2026-06-30 19:43:24,0.6572,0.3428,1.5984,6499569.88,0.5455,4.2677
2026-06-30 19:43:28,0.6512,0.3488,1.6,6499988.31,0.5403,4.2468
2026-06-30 19:43:31,0.6467,0.3533,1.5997,6499908.4,0.5366,4.2317
2026-06-30 19:43:35,0.6407,0.3593,1.5973,6499276.91,0.532,4.2123
2026-06-30 19:43:38,0.6362,0.3638,1.5941,6498409.72,0.5289,4.1986
2026-06-30 19:43:42,0.6302,0.3698,1.5879,6496729.08,0.5249,4.1807
2026-06-30 19:43:46,0.6243,0.3757,1.5795,6494449.76,0.5215,4.1643
2026-06-30 19:43:49,0.6199,0.3801,1.5718,6492347.94,0.5191,4.1524
2026-06-30 19:43:53,0.614,0.386,1.5598,6489023.29,0.5163,4.1374
2026-06-30 19:43:56,0.6097,0.3903,1.5494,6486138.87,0.5144,4.1268
